identifier;author;title;journal;year;group-short;group-long;country
Haddoud2016;"Mounia Haddoud and A{\""{\i}}cha Mokhtari and Thierry Lecroq and Sa{\""{\i}}d Abdedda{\""{\i}}m";Combining supervised term-weighting metrics for SVM;Knowledge and Information Systems;2016;feature-weight;feature-weight;Algeria, Algeria, France, France
Alalga2016;Abdelouahid Alalga and Khalid Benabdeslem and Nora Taleb;Soft-constrained Laplacian score for semi-supervised multi-label feature selection;Knowledge and Information Systems;2016;feature-selection;feature-selection;Algeria, France, Algeria
Tommasel2016;Tommasel, Antonela and Godoy, Daniela;Short-text feature construction and selection in social media data: a survey;Artificial Intelligence Review;2016;feature-construction;feature-construction;Argentina, Argentina
Kang2016;Yong{-}Bin Kang and Pari Delir Haghighi and Frada Burstein;TaxoFinder: {A} Graph-Based Approach for Taxonomy Learning;IEEE Transactions on Knowledge and Data Engineering;2016;feature-construction;feature-construction;Australia, Australia, Australia
Xu2013;Xu, Chang and Tao, Dacheng and Xu, Chao;A survey on multi-view learning;arXiv preprint arXiv:1304.5634;2013;learning-multiview;learning-multiview;Australia, Australia, China
Pang2015;Pang, Guansong and Jin, Huidong and Jiang, Shengyi;CenKNN: a scalable and effective text classifier;Data \& Knowledge Engineering;2015;classification-system-and-application-areas;classification-system-and-application-areas;Australia, Australia, China
Ting99issuesin;Kai Ming Ting and Ian H. Witten;Issues in Stacked Generalization;Journal of Artificial Intelligence Research;1999;learning-ensamble;learning-ensamble;Australia, New Zealand
Chang2016;Chang, Xiaojun and Nie, Feiping and Yang, Yi and Zhang, Chengqi and Huang, Heng;Convex sparse PCA for unsupervised feature learning;ACM Transactions on Knowledge Discovery from Data;2016;feature-projection;feature-projection;Australia, United States, Australia, Australia, United States
Karystianis2017;Karystianis, George and Thayer, Kristina and Wolfe, Mary and Tsafnat, Guy;Evaluation of a rule-based method for epidemiological document classification towards the automation of systematic reviews;Journal of biomedical informatics;2017;classification-system-and-application-areas;classification-system-and-application-areas;Australia, United States, United States, Australia
Gomez2012;Gomez, Juan Carlos and Moens, Marie-Francine;PCA document reconstruction for email classification;Computational Statistics \& Data Analysis;2012;feature-projection;feature-projection;Belgium, Belgium
Magerman2010;Tom Magerman and Bart Van Looy and Xiaoyan Song;Exploring the feasibility and accuracy of Latent Semantic Analysis based text mining techniques to detect similarity between patent documents and scientific publications;Scientometrics;2010;feature-projection;feature-projection;Belgium, Belgium, Belgium
JunquedeFortuny2014426;Enric Junqué de Fortuny and Tom De Smedt and David Martens and Walter Daelemans;Evaluating and understanding text-based stock price prediction models;Information Processing and Management;2014;classification-system-and-application-areas;classification-system-and-application-areas;Belgium, Belgium, Belgium, Belgium
Ittoo2016;Ashwin Ittoo and Le Minh Nguyen and Antal van den Bosch;Text analytics in industry: Challenges, desiderata and trends;Computers in Industry;2016;classification-system-and-application-areas;classification-system-and-application-areas;Belgium, Vietnam, The Netherlands
Guzella2009;Guzella, Thiago S and Caminhas, Walmir M;A review of machine learning approaches to spam filtering;Expert Systems with Applications;2009;review-survey-overview-works;review-survey-overview-works;Brazil, Brazil
Krohling:2015:RCE:2849965.2850195;Krohling, Renato A. and Lourenzutti, Rodolfo and Campos, Mauro;Ranking and Comparing Evolutionary Algorithms with Hellinger-TOPSIS;Applied Soft Computing;2015;evaluation-methods;evaluation-methods;Brazil, Brazil, Brazil
Pinheiro2015;Roberto H. W. Pinheiro and George D. C. Cavalcanti and Tsang Ing Ren;Data-driven global-ranking local feature selection methods for text categorization;Expert Systems with Applications;2015;feature-selection;feature-selection;Brazil, Brazil, Brazil
Parmezan2017;Antonio Rafael Sabino Parmezan and Huei Diana Lee and Feng Chung Wu;Metalearning for choosing feature selection algorithms in data mining: Proposal of a new framework;Expert Systems with Applications;2017;feature-selection;feature-selection;Brazil, Brazil, Brazil
Pinheiro2017;Pinheiro, Roberto HW and Cavalcanti, George DC and Tsang, Ren;Combining dissimilarity spaces for text categorization;Information Sciences;2017;learning-multiview;learning-multiview;Brazil, Brazil, Brazil
Pi2016;Nayat S{\'{a}}nchez Pi and Luis Mart{\'{\i}} and Ana Cristina Bicharra Garcia;Improving ontology-based text classification: An occupational health and security application;Journal of Applied Logic;2016;feature-construction;feature-construction;Brazil, Brazil, Brazil
Silva2017;Silva, Renato M and Almeida, Tiago A and Yamakami, Akebo;MDLText: An efficient and lightweight text classifier;Knowledge-Based Systems;2017;classification-system-and-application-areas;classification-system-and-application-areas;Brazil, Brazil, Brazil
Rossi2017;Rossi, Rafael Geraldeli and de Andrade Lopes, Alneu and Rezende, Solange Oliveira;Using bipartite heterogeneous networks to speed up inductive semi-supervised learning and improve automatic text categorization;Knowledge-Based Systems;2017;learning-semi-suppervised;learning-semi-suppervised;Brazil, Brazil, Brazil
Matsubara2005;Edson Takashi Matsubara and Maria Carolina Monard and Gustavo E. A. P. A. Batista;Multi-view Semi-supervised Learning: An Approach to Obtain Different Views from Text Datasets;Selected Papers of LAPTEC;2005;learning-multiview;learning-multiview;Brazil, Brazil, Brazil
Pereira2016;Pereira, Rafael B. and Plastino, Alexandre and Zadrozny, Bianca and Merschmann, Luiz H. C.;Categorizing feature selection methods for multi-label classification;Artificial Intelligence Review;2016;feature-selection;feature-selection;Brazil, Brazil, Brazil, Brazil
Pinheiro2012;Roberto H. W. Pinheiro and George D. C. Cavalcanti and Renato F. Correa and Tsang Ing Ren;A global-ranking local feature selection method for text categorization;Expert Systems with Applications;2012;feature-selection;feature-selection;Brazil, Brazil, Brazil, Brazil
Castro2017;Dayvid Castro and Ellen Souza and Douglas Vit{\'{o}}rio and Diego Santos and Adriano L. I. Oliveira;Smoothed n-gram based models for tweet language identification: {A} case study of the Brazilian and European Portuguese national varieties;Applied Soft Computing;2017;classification-system-and-application-areas;classification-system-and-application-areas-language-identification;Brazil, Brazil, Brazil, Brazil, Brazil
Figueiredo2011;F{\'{a}}bio Figueiredo and Leonardo C. da Rocha and Thierson Couto and Thiago Salles and Marcos Andr{\'{e}} Gon{\c{c}}alves and Wagner Meira Jr.;Word co-occurrence features for text classification;Information Sciences;2011;feature-construction;feature-construction;Brazil, Brazil, Brazil, Brazil, Brazil, Brazil
Almeida2016;Almeida, Tiago A and Silva, Tiago P and Santos, Igor and Hidalgo, Jos\'e;Text normalization and semantic indexing to enhance Instant Messaging and SMS spam filtering;Knowledge-Based Systems;2016;classification-system-and-application-areas;classification-system-and-application-areas;Brazil, Brazil, Spain, Spain
Lochter2016;Lochter, Johannes V and Zanetti, Rafael F and Reller, Dominik and Almeida, Tiago A;Short text opinion detection using ensemble of classifiers and semantic indexing;Expert Systems with Applications;2016;learning-ensamble;learning-ensamble;Brazil, United States, Brazil, Brazil
Kamkarhaghighi2017;Kamkarhaghighi, Mehran and Makrehchi, Masoud;Content Tree Word Embedding for document representation;Expert Systems with Applications;2017;feature-construction;feature-construction;Canada, Canada
Sokolova2009427;Marina Sokolova and Guy Lapalme;A systematic analysis of performance measures for classification tasks;Information Processing and Management;2009;evaluation-methods;evaluation-methods;Canada, Canada
Cruz2018;Cruz, Rafael MO and Sabourin, Robert and Cavalcanti, George DC;Dynamic classifier selection: Recent advances and perspectives;Information Fusion;2018;learning-multiview;learning-multiview;Canada, Canada, Brazil
Armanfard2016;Narges Armanfard and James P. Reilly and Majid Komeili;Local Feature Selection for Data Classification;IEEE Transactions on Pattern Analysis and Machine Intelligence;2016;feature-selection;feature-selection;Canada, Canada, Canada
Li2012;Cheng Hua Li and Ju Cheng Yang and Soon Cheol Park;Text categorization algorithms using semantic approaches, corpus-based thesaurus and WordNet;Expert Systems with Applications;2012;feature-construction;feature-construction;Canada, China, Republic of Korea
Cuzzola2015;Cuzzola, John and Jovanovi{\'c}, Jelena and Bagheri, Ebrahim and Ga{\v{s}}evi{\'c}, Dragan;Automated classification and localization of daily deal content from the Web;Applied Soft Computing;2015;classification-system-and-application-areas;classification-system-and-application-areas;Canada, Serbia, Canada, United Kingdom
Yu2016;Kui Yu and Xindong Wu and Wei Ding and Jian Pei;Scalable and Accurate Online Feature Selection for Big Data;ACM Transactions on Knowledge Discovery from Data;2016;feature-selection;feature-selection;Canada, United States, United States, Canada
Vergara2014;Jorge R. Vergara and Pablo A. Est{\'{e}}vez;A review of feature selection methods based on mutual information;Neural Computing and Applications;2014;feature-selection;feature-selection;Chile, Chile
Nanculef2014;Nanculef, Ricardo and Flaounas, Ilias and Cristianini, Nello;Efficient classification of multi-labeled text streams by clashing;Expert Systems with Applications;2014;classification-system-and-application-areas;classification-system-and-application-areas-text-data-streams;Chile, Chile, United Kingdom
Sun2013;Sun, Shiliang;A survey of multi-view machine learning;Neural Computing and Applications;2013;learning-multiview;learning-multiview;China
Pang2013;Guansong Pang and Shengyi Jiang;A generalized cluster centroid based classifier for text categorization;Information Processing and Management;2013;classification-system-and-application-areas;classification-system-and-application-areas;China, China
Chang20091036;Matthew Chang and Chung Keung Poon;Using phrases as features in email classification;Journal of Systems and Software;2009;feature-construction;feature-construction, classification-system-and-application-areas;China, China
Zhang2016a;Heng Zhang and Guoqiang Zhong;Improving short text classification by learning vector representations of both words and hidden topics;Knowledge-Based Systems;2016;feature-construction;feature-construction;China, China
Yin2016;Yin, Chunyong and Xi, Jinwen;Maximum entropy model for mobile text classification in cloud computing using improved information gain algorithm;Multimedia Tools and Applications;2016;classification-system-and-application-areas;classification-system-and-application-areas;China, China
Wang2009a;Wei Wang and Bo Yu;Text categorization based on combination of modified back propagation neural network and latent semantic analysis;Neural Computing and Applications;2009;feature-projection;feature-projection;China, China
Yang2011;Yang, Baoguo and Zhang, Yang and Li, Xue;Classifying text streams by keywords using classifier ensemble;Data \& Knowledge Engineering;2011;classification-system-and-application-areas;classification-system-and-application-areas-text-data-streams;China, China, Australia
Xiao2017;Yanshan Xiao and Bo Liu and Jie Yin and Zhifeng Hao;A multiple-instance stream learning framework for adaptive document categorization;Knowledge-Based Systems;2017;learning-multiple-instance;learning-multiple-instance;China, China, Australia, China
Qin2016;Qin, Zengchang and Cong, Yonghui and Wan, Tao;Topic modeling of Chinese language beyond a bag-of-words;Computer Speech \& Language;2016;feature-construction;feature-construction;China, China, China
Gu2009;Gu, Ping and Zhu, QingSheng and Zhang, Cheng;A multi-view approach to semi-supervised document classification with incremental Naive Bayes;Computers \& Mathematics with Applications;2009;learning-multiview;learning-multiview;China, China, China
Meng2011;Jiana Meng and Hongfei Lin and Yuhai Yu;A two-stage feature selection method for text categorization;Computers \& Mathematics with Applications;2011;feature-selection;feature-selection;China, China, China
Liu2017;Liu, Yang and Bi, Jian-Wu and Fan, Zhi-Ping;Multi-class sentiment classification: The experimental comparisons of feature selection and machine learning algorithms;Expert Systems with Applications;2017;feature-selection;feature-selection;China, China, China
Sun2017;Sun, Shiliang and Luo, Chen and Chen, Junyu;A review of natural language processing techniques for opinion mining systems;Information Fusion;2017;classification-system-and-application-areas;classification-system-and-application-areas-sentiment-analysis;China, China, China
Xia2011;Xia, Rui and Zong, Chengqing and Li, Shoushan;Ensemble of feature sets and classification algorithms for sentiment classification;Information Sciences;2011;classification-system-and-application-areas;classification-system-and-application-areas;China, China, China
Zuo2016;Zuo, Yuan and Zhao, Jichang and Xu, Ke;Word network topic model: a simple but general solution for short and imbalanced texts;Knowledge and Information Systems;2016;feature-construction;feature-construction;China, China, China
Liu2018;Liu, Bo and Xiao, Yanshan and Hao, Zhifeng;A Selective Multiple Instance Transfer Learning Method for Text Categorization Problems;Knowledge-Based Systems;2018;learning-multiple-instance;learning-multiple-instance;China, China, China
Zhang2013;Zhang, Jianfei and Chen, Lifei and Guo, Gongde;Projected-prototype based classifier for text categorization;Knowledge-Based Systems;2013;classification-system-and-application-areas;classification-system-and-application-areas;China, China, China
Yan2016;Yan, Kaobi and Li, Zhixin and Zhang, Canlong;A New multi-instance multi-label learning approach for image and text classification;Multimedia Tools and Applications;2016;learning-multiple-instance;learning-multiple-instance;China, China, China
Chen2011;Lifei Chen and Gongde Guo and Kaijun Wang;Class-dependent projection based method for text categorization;Pattern Recognition Letters;2011;feature-projection;feature-projection;China, China, China
Jiang2016a;Jiang, Mingchu and Li, Na and Pan, Zhisong;Multi-label Text Categorization Using $ $ L\_ $\{$21$\}$ $ $ L 21-norm Minimization Extreme Learning Machine;Proceedings of ELM-2015 Volume 1;2016;learning-classification-multilabel;learning-classification-multilabel;China, China, China
Jiang2016;Jiang, Liangxiao and Li, Chaoqun and Wang, Shasha and Zhang, Lungan;Deep feature weighting for naive Bayes and its application to text classification;Engineering Applications of Artificial Intelligence;2016;feature-weight;feature-weight;China, China, China, China
Chen2016;Kewen Chen and Zuping Zhang and Jun Long and Hao Zhang;Turning from TF-IDF;Expert Systems with Applications;2016;feature-weight;feature-weight;China, China, China, China
Zhao2017;Zhao, Jing and Xie, Xijiong and Xu, Xin and Sun, Shiliang;Multi-view learning overview: Recent progress and new challenges;Information Fusion;2017;learning-multiview;learning-multiview;China, China, China, China
Gui2012;Gui, Yaocheng and Gao, Zhiqiang and Li, Renyong and Yang, Xin;Hierarchical text classification for news articles based-on named entities;International Conference on Advanced Data Mining and Applications;2012;feature-construction;feature-construction;China, China, China, China
Kou2012;Gang Kou and Yanqun Lu and Yi Peng and Yong Shi;Evaluation of Classification Algorithms Using MCDM;International Journal of Information Technology and Decision Making;2012;evaluation-methods;evaluation-methods;China, China, China, China
Zhou2016;Guangyou Zhou and Zhiyuan Zhu and Tingting He and Xiaohua Tony Hu;Cross-lingual sentiment classification with stacked autoencoders;Knowledge and Information Systems;2016;classification-system-and-application-areas;classification-system-and-application-areas-cross-multi-lingual;China, China, China, China
Zhang2016;Zhang, Lungan and Jiang, Liangxiao and Li, Chaoqun and Kong, Ganggang;Two feature weighting approaches for naive Bayes text classifiers;Knowledge-Based Systems;2016;feature-weight;feature-weight;China, China, China, China
Yan2017;Yan, Shengye and Zhu, Xiaodong and Liu, Guoqing and Wu, Jianxin;Sparse multiple instance learning as document classification;Multimedia Tools and Applications;2017;learning-multiple-instance;learning-multiple-instance;China, China, China, China
Liu2016;Yuanning Liu and Youwei Wang and Lizhou Feng and Xiaodong Zhu;Term frequency combined hybrid feature selection method for spam filtering;Pattern Analysis and Applications;2016;feature-selection;feature-selection;China, China, China, China
Wang2017;Yintong Wang and Jiandong Wang and Hao Liao and Haiyan Chen;An efficient semi-supervised representatives feature selection algorithm based on information theory;Pattern Recognition;2017;feature-selection;feature-selection;China, China, China, China
Wang2011;Suge Wang and Deyu Li and Xiaolei Song and Yingjie Wei and Hongxia Li;A feature selection method based on improved fisher's discriminant ratio for text sentiment classification;Expert Systems with Applications;2011;feature-selection;feature-selection;China, China, China, China, China
Shi2011;Shi, Lei and Ma, Xinming and Xi, Lei and Duan, Qiguo and Zhao, Jingying;Rough set and ensemble learning based semi-supervised algorithm for text classification;Expert Systems with Applications;2011;learning-ensamble;learning-ensamble;China, China, China, China, China
Xia2016;Xia, Rui and Xu, Feng and Yu, Jianfei and Qi, Yong and Cambria, Erik;Polarity shift detection, elimination and ensemble: A three-stage model for document-level sentiment analysis;Information Processing and Management;2016;classification-system-and-application-areas;classification-system-and-application-areas-sentiment-analysis;China, China, China, China, China
Li2016;Li, Jianqiang and Li, Jing and Fu, Xianghua and Masud, Md Abdul and Huang, Joshua Zhexue;Learning distributed word representation with multi-contextual mixed embedding;Knowledge-Based Systems;2016;feature-construction;feature-construction;China, China, China, China, China
Wang2013;Wang, Deqing and Wu, Junjie and Zhang, Hui and Xu, Ke and Lin, Mengxiang;Towards enhancing centroid classifier for text classification—A border-instance approach;Neurocomputing;2013;classification-system-and-application-areas;classification-system-and-application-areas;China, China, China, China, China
Wang2016;Wang, Peng and Xu, Bo and Xu, Jiaming and Tian, Guanhua and Liu, Cheng-Lin and Hao, Hongwei;Semantic expansion using word embedding clustering and convolutional neural network for improving short text classification;Neurocomputing;2016;feature-construction;feature-construction;China, China, China, China, China, China
Wu2017;Zongda Wu and Hui Zhu and Guiling Li and Zongmin Cui and Hui Huang and Jun Li and Enhong Chen and Guandong Xu;An efficient Wikipedia semantic matching approach to text document classification;Information Sciences;2017;feature-construction;feature-construction;China, China, China, China, China, China, China, Australia
Shen2016;Shen, Liming and Chen, Huiling and Yu, Zhe and Kang, Wenchang and Zhang, Bingyu and Li, Huaizhong and Yang, Bo and Liu, Dayou;Evolving support vector machines using fruit fly optimization for medical data classification;Knowledge-Based Systems;2016;classification-system-and-application-areas;classification-system-and-application-areas;China, China, China, China, China, China, China, China
Zhang2017;Zhang, Yuhong and Chu, Guang and Li, Peipei and Hu, Xuegang and Wu, Xindong;Three-layer concept drifting detection in text data streams;Neurocomputing;2017;classification-system-and-application-areas;classification-system-and-application-areas-text-data-streams;China, China, China, China, United States
Guan2013;Hu Guan and Jingyu Zhou and Bin Xiao and Minyi Guo and Tao Yang;Fast dimension reduction for document classification based on imprecise spectrum analysis;Information Sciences;2013;feature-projection;feature-projection;China, China, Hong Kong, China, United States
Li2017a;Li, Xiangsheng and Rao, Yanghui and Xie, Haoran and Lau, Raymond Yiu Keung and Yin, Jian and Wang, Fu Lee;Bootstrapping Social Emotion Classification with Semantically Rich Hybrid Neural Networks;IEEE Transactions on Affective Computing;2017;classification-system-and-application-areas;classification-system-and-application-areas-sentiment-analysis;China, China, Hong Kong, Hong Kong, China, Hong Kong
Luo2011;Qiming Luo and Enhong Chen and Hui Xiong;A semantic term weighting scheme for text categorization;Expert Systems with Applications;2011;feature-weight;feature-weight;China, China, United States
Li2017;Li, Yun and Li, Tao and Liu, Huan;Recent advances in feature selection and its applications;Knowledge and Information Systems;2017;feature-selection;feature-selection;China, China, United States
Xie2017;Fei Xie and Xindong Wu and Xingquan Zhu;Efficient sequential pattern mining with wildcards for keyphrase extraction;Knowledge-Based Systems;2017;feature-construction;feature-construction;China, China, United States
Du2018;Du, Yongping and Liu, Jingxuan and Ke, Weimao and Gong, Xuemei;Hierarchy construction and text classification based on the relaxation strategy and least information model;Expert Systems with Applications;2018;learning-classification-hierarhical;learning-classification-hierarhical;China, China, United States, United States
Rao2017;Rao, Yanghui and Li, Qing and Wu, Qingyuan and Xie, Haoran and Wang, Fu Lee and Wang, Tao;A multi-relational term scheme for first story detection;Neurocomputing;2017;feature-weight;feature-weight;China, Hong Kong, China, Hong Kong, Hong Kong, United Kingdom
Kral2014;Pavel Kr{\'{a}}l;Named Entities as New Features for Czech Document Classification;Proceedings of the Computational Linguistics and Intelligent Text Processing - 15th International Conference, CICLing 2014, Kathmandu, Nepal, April 6-12, 2014, Proceedings, Part II;2014;feature-construction;feature-construction;Czech Republic
Saleh2017;Saleh, Ahmed I and Abulwafa, Arwa E and Al Rahmawy, Mohammed F;"A web page distillation strategy for efficient focused crawling based on optimized Na\""\i";Applied Soft Computing;2017;classification-system-and-application-areas;classification-system-and-application-areas-focused-crawling;Egypt, Egypt, Egypt
Saleh2017a;Saleh, Ahmed I and Al Rahmawy, Mohammed F and Abulwafa, Arwa E;A semantic based Web page classification strategy using multi-layered domain ontology;World Wide Web;2017;feature-construction;feature-construction;Egypt, Egypt, Egypt
Elghazel2016;Haytham Elghazel and Alex Aussem and Ouadie Gharroudi and Wafa Saadaoui;Ensemble multi-label text categorization based on rotation forest and latent semantic indexing;Expert Systems with Applications;2016;learning-classification-multilabel;learning-classification-multilabel, learning-ensamble;France, France, France, France
bouma2009normalized;Bouma, G.;From Form to Meaning: Processing Texts Automatically, Proceedings of the Biennial GSCL Conference 2009;From Form to Meaning: Processing Texts Automatically, Proceedings of the Biennial GSCL Conference 2009;2009;feature-selection;feature-selection;Germany
Thorleuchter2013;Dirk Thorleuchter and Dirk Van den Poel;Technology classification with latent semantic indexing;Expert Systems with Applications;2013;classification-system-and-application-areas;classification-system-and-application-areas;Germany, Belgium
Scholkopf:1998:NCA:295919.295960;"Sch\""{o}lkopf, Bernhard and Smola, Alexander and M\""{u}ller, Klaus-Robert";Nonlinear Component Analysis As a Kernel Eigenvalue Problem;Neural Computation;1998;feature-projection;feature-projection;Germany, Germany, Germany
Perikos2016191;Isidoros Perikos and Ioannis Hatzilygeroudis;Recognizing emotions in text using ensemble of classifiers;Engineering Applications of Artificial Intelligence;2016;classification-system-and-application-areas;classification-system-and-application-areas;Greece, Greece
Katakis2010;Ioannis Katakis and Grigorios Tsoumakas and Ioannis P. Vlahavas;Tracking recurring contexts using ensemble classifiers: an application to email filtering;Knowledge and Information Systems;2010;classification-system-and-application-areas;classification-system-and-application-areas-text-data-streams;Greece, Greece, Greece
Charalampakis2016;Charalampakis, Basilis and Spathis, Dimitris and Kouslis, Elias and Kermanidis, Katia;A comparison between semi-supervised and supervised text mining techniques on detecting irony in greek political tweets;Engineering Applications of Artificial Intelligence;2016;classification-system-and-application-areas;classification-system-and-application-areas;Greece, Greece, Greece, Greece
Agathangelou2017;Agathangelou, Pantelis and Katakis, Ioannis and Koutoulakis, Ioannis and Kokkoras, Fotis and Gunopulos, Dimitrios;Learning patterns for discovering domain-oriented opinion words;Knowledge and Information Systems;2017;feature-construction;feature-construction;Greece, Greece, Greece, Greece, Greece
Giatsoglou2017;Giatsoglou, Maria and Vozalis, Manolis G and Diamantaras, Konstantinos and Vakali, Athena and Sarigiannidis, George and Chatzisavvas, Konstantinos Ch;Sentiment analysis leveraging emotions and word embeddings;Expert Systems with Applications;2017;classification-system-and-application-areas;classification-system-and-application-areas-sentiment-analysis;Greece, Greece, Greece, Greece, Greece, Greece
Li:2009:FFS:1690219.1690243;Li, Shoushan and Xia, Rui and Zong, Chengqing and Huang, Chu-Ren;A Framework of Feature Selection Methods for Text Categorization;Proceedings of the Joint Conference of the 47th Annual Meeting of the ACL and the 4th International Joint Conference on Natural Language Processing of the AFNLP: Volume 2 - Volume 2;2009;feature-selection;feature-selection;Hong Kong, China, China, Hong Kong
Liu2014;James N. K. Liu and Yu{-}Lin He and Edward H. Y. Lim and Xizhao Wang;Domain ontology graph model and its application in Chinese text classification;Neural Computing and Applications;2014;feature-construction;feature-construction;Hong Kong, China, Hong Kong, China
Tan2014;Ben Tan and Erheng Zhong and Evan Wei Xiang and Qiang Yang;Multi-transfer: Transfer learning with multiple views and multiple sources;Statistical Analysis and Data Mining;2014;learning-transfer;learning-transfer;Hong Kong, Hong Kong, Hong Kong, Hong Kong
Li2014;Xiaodong Li and Haoran Xie and Li Chen and Jianping Wang and Xiaotie Deng;News impact on stock price return via sentiment analysis;Knowledge-Based Systems;2014;classification-system-and-application-areas;classification-system-and-application-areas;Hong Kong, Hong Kong, Hong Kong, Hong Kong, China
Saha2013;Sriparna Saha and Asif Ekbal;Combining multiple classifiers using vote based classifier ensemble technique for named entity recognition;Data \& Knowledge Engineering;2013;feature-construction;feature-construction;India, India
Vinodhini2016;Vinodhini, G and Chandrasekaran, RM;A comparative performance evaluation of neural network based approach for sentiment classification of online reviews;Journal of King Saud University-Computer and Information Sciences;2016;classification-system-and-application-areas;classification-system-and-application-areas;India, India
Ravi2017;Ravi, Kumar and Ravi, Vadlamani;A novel automatic satire and irony detection using ensembled feature selection and data mining;Knowledge-Based Systems;2017;feature-selection;feature-selection;India, India
Kumar2016128;B. Shravan Kumar and Vadlamani Ravi;A survey of the applications of text mining in financial domain;Knowledge-Based Systems;2016;classification-system-and-application-areas;classification-system-and-application-areas;India, India
Bhushan2017;Bhushan, SN Bharath and Danti, Ajit;Classification of text documents based on score level fusion approach;Pattern Recognition Letters;2017;learning-multiview;learning-multiview;India, India
Agnihotri2017;Agnihotri, Deepak and Verma, Kesari and Tripathi, Priyanka;Variable Global Feature Selection Scheme for automatic classification of text documents;Expert Systems with Applications;2017;feature-selection;feature-selection;India, India, India
Tripathy2017;Abinash Tripathy and Abhishek Anand and Santanu Kumar Rath;Document-level sentiment classification using hybrid machine learning approach;Knowledge and Information Systems;2017;classification-system-and-application-areas;classification-system-and-application-areas-sentiment-analysis;India, India, India
Manek2017;Manek, Asha S and Shenoy, P Deepa and Mohan, M Chandra and Venugopal, KR;Aspect term extraction for sentiment analysis in large movie reviews using Gini Index feature selection method and SVM classifier;World Wide Web;2017;feature-construction;feature-construction;India, India, India, India
Labani2018;Labani, Mahdieh and Moradi, Parham and Ahmadizar, Fardin and Jalili, Mahdi;A novel multivariate filter method for feature selection in text classification problems;Engineering Applications of Artificial Intelligence;2018;feature-selection;feature-selection;Iran, Iran, Iran, Australia
Sheikhpour2017;Razieh Sheikhpour and Mehdi Agha Sarram and Sajjad Gharaghani and Mohammad Ali Zare Chahooki;A Survey on semi-supervised feature selection methods;Pattern Recognition;2017;feature-selection;feature-selection;Iran, Iran, Iran, Iran
Hu2016;Hu, Rong and Mac Namee, Brian and Delany, Sarah Jane;Active learning for text classification with reusability;Expert Systems with Applications;2016;learning-active;learning-active;Ireland, Ireland, Ireland
Nunzio2014;Giorgio Maria Di Nunzio;"A new decision to take for cost-sensitive Na{\""{\i}}ve Bayes classifiers";Information Processing and Management;2014;;;Italy
Cagliero2013;Luca Cagliero and Paolo Garza;Improving classification models with taxonomy information;Data \& Knowledge Engineering;2013;feature-construction;feature-construction;Italy, Italy
Pillai2017;Pillai, Ignazio and Fumera, Giorgio and Roli, Fabio;Designing multi-label classifiers that maximize F measures: State of the art;Pattern Recognition;2017;learning-classification-multilabel;learning-classification-multilabel;Italy, Italy, Italy
Baroni2014;Baroni, Marco and Dinu, Georgiana and Kruszewski, Germ{\'a}n;Don't count, predict! A systematic comparison of context-counting vs. context-predicting semantic vectors;Proceedings of the 52nd Annual Meeting of the Association for Computational Linguistics (Volume 1: Long Papers);2014;feature-construction;feature-construction;Italy, Italy, Italy
Ren2013;Fuji Ren and Mohammad Golam Sohrab;Class-indexing-based term weighting for automatic text classification;Information Sciences;2013;feature-weight;feature-weight;Japan, Japan
Ogura2011;Hiroshi Ogura and Hiromi Amano and Masato Kondo;Comparison of metrics for feature selection in imbalanced text classification;Expert Systems with Applications;2011;feature-selection;feature-selection;Japan, Japan, Japan
Jalilvand2017;Jalilvand, Abbas and Salim, Naomie;Feature unionization: A novel approach for dimension reduction;Applied Soft Computing;2017;feature-selection;feature-selection;Malaysia, Iran
Hajmohammadi2014;Mohammad Sadegh Hajmohammadi and Roliana Ibrahim and Ali Selamat;Cross-lingual sentiment classification using multiple source languages in multi-view semi-supervised learning;Engineering Applications of Artificial Intelligence;2014;learning-multiview;learning-multiview;Malaysia, Malaysia, Malaysia
Ghareb2016;Ghareb, Abdullah Saeed and Bakar, Azuraliza Abu and Hamdan, Abdul Razak;Hybrid feature selection based on enhanced genetic algorithm for text categorization;Expert Systems with Applications;2016;feature-selection;feature-selection;Malaysia, Malaysia, Malaysia
Al-Salemi2016;Al-Salemi, Bassam and Noah, Shahrul Azman Mohd and Ab Aziz, Mohd Juzaiddin;RFBoost: an improved multi-label boosting algorithm and its application to text categorisation;Knowledge-Based Systems;2016;learning-classification-multilabel;learning-classification-multilabel;Malaysia, Malaysia, Malaysia
Lee2012;Lee, Lam Hong and Isa, Dino and Choo, Wou Onn and Chue, Wen Yeen;High Relevance Keyword Extraction facility for Bayesian text classification on different domains of varying characteristic;Expert Systems with Applications;2012;feature-construction;feature-construction;Malaysia, Malaysia, Malaysia, Malaysia
Saloot2016;Saloot, Mohammad Arshi and Idris, Norisma and Mahmud, Rohana and Jaafar, Salinah and Thorleuchter, Dirk and Gani, Abdullah;Hadith data mining and classification: a comparative analysis;Artificial Intelligence Review;2016;classification-system-and-application-areas;classification-system-and-application-areas;Malaysia, Malaysia, Malaysia, Malaysia, Germany, Malaysia
Sabbah2016;Thabit Sabbah and Ali Selamat and Md. Hafiz Selamat and Roliana Ibrahim and Hamido Fujita;Hybridized term-weighting method for Dark Web classification;Neurocomputing;2016;classification-system-and-application-areas;classification-system-and-application-areas;Malaysia, Malaysia, Malaysia, Malaysia, Japan
Sharef2015;Sharef, Nurfadhlina Mohd and Martin, Trevor;Evolving fuzzy grammar for crime texts categorization;Applied Soft Computing;2015;learning-interpretable-model;learning-interpretable-model;Malaysia, United Kingdom
Escalante2015;Hugo Jair Escalante and Mauricio A. Garc{\'{\i}}a{-}Lim{\'{o}}n and Alicia Morales{-}Reyes and Mario Graff and Manuel Montes{-}y{-}G{\'{o}}mez and Eduardo F. Morales and Jos{\'{e}} Mart{\'{\i}}nez{-}Carranza;Term-weighting learning via genetic programming for text classification;Knowledge-Based Systems;2015;feature-weight;feature-weight;Mexico, Mexico, Mexico, Mexico, Mexico, Mexico, Mexico
Olvera-Lopez2010;Jos{\'{e}} Arturo Olvera{-}L{\'{o}}pez and Jes{\'{u}}s Ariel Carrasco{-}Ochoa and Jos{\'{e}} Francisco Mart{\'{\i}}nez Trinidad and Josef Kittler;A review of instance selection methods;Artificial Intelligence Review;2010;instance-selection;instance-selection;Mexico, Mexico, Mexico, United Kingdom
Ting97stackedgeneralization;Kai Ming Ting and Ian H. Witten;Proceedings International Joint Conference on Artificial Intelligence;Proceedings International Joint Conference on Artificial Intelligence;1997;learning-ensamble;learning-ensamble;New Zealand, New Zealand
Foulds2010;Foulds, James and Frank, Eibe;A review of multi-instance learning assumptions;The Knowledge Engineering Review;2010;learning-multiple-instance;learning-multiple-instance;New Zealand, New Zealand
Rehman2017;Rehman, Abdur and Javed, Kashif and Babri, Haroon A;Feature selection based on a normalized difference measure for text classification;Information Processing and Management;2017;feature-selection;feature-selection;Pakistan, Pakistan, Pakistan
Sabbah2017;Sabbah, Thabit and Selamat, Ali and Selamat, Md Hafiz and Al-Anzi, Fawaz S and Viedma, Enrique Herrera and Krejcar, Ondrej and Fujita, Hamido;Modified frequency-based term weighting schemes for text classification;Applied Soft Computing;2017;feature-weight;feature-weight;Palestine, Malaysia, Malaysia, Kuwait, Spain, Czech Republic, Japan
Wozniak2014;Wo{\'z}niak, Micha{\l} and Gra{\~n}a, Manuel and Corchado, Emilio;A survey of multiple classifier systems as hybrid systems;Information Fusion;2014;learning-multiview;learning-multiview;Poland, Spain, Spain
Basto-Fernandes2016;Basto-Fernandes, Vitor and Yevseyeva, Iryna and M{\'e}ndez, Jos{\'e} R and Zhao, Jiaqi and Fdez-Riverola, Florentino and Emmerich, Michael TM;A spam filtering multi-objective optimization study covering parsimony maximization and three-way classification;Applied Soft Computing;2016;classification-system-and-application-areas;classification-system-and-application-areas;Portugal, United Kingdom, Spain, China, Spain, The Netherlands
Kim2016;Hyun Kyung Kim and Minyoung Kim;Model-induced term-weighting schemes for text classification;Applied Intelligence;2016;feature-weight;feature-weight;Republic of Korea, Republic of Korea
Li2009a;Cheng Hua Li and Soon Cheol Park;An efficient document classification model using an improved back propagation neural network and singular value decomposition;Expert Systems with Applications;2009;feature-projection;feature-projection;Republic of Korea, Republic of Korea
Yoon2007;Yongwook Yoon and Gary Geunbae Lee;Efficient implementation of associative classifiers for document classification;Information Processing and Management;2007;classification-system-and-application-areas;classification-system-and-application-areas;Republic of Korea, Republic of Korea
Kang2015;Kang, Seokho and Cho, Sungzoon and Kang, Pilsung;Multi-class classification via heterogeneous ensemble of one-class classifiers;Engineering Applications of Artificial Intelligence;2015;learning-classification-multiclass;learning-classification-multiclass;Republic of Korea, Republic of Korea, Republic of Korea
Ali2017257;Rahman Ali and Sungyoung Lee and Tae Choong Chung;Accurate multi-criteria decision making methodology for recommending machine learning algorithm;Expert Systems with Applications;2017;evaluation-methods;evaluation-methods;Republic of Korea, Republic of Korea, Republic of Korea
Kang2018;Kang, Mangi and Ahn, Jaelim and Lee, Kichun;Opinion mining using ensemble text hidden Markov models for text classification;Expert Systems with Applications;2018;classification-system-and-application-areas;classification-system-and-application-areas-sentiment-analysis;Republic of Korea, Republic of Korea, Republic of Korea
Ko2004;Youngjoong Ko and Jinwoo Park and Jungyun Seo;Improving text categorization using the importance of sentences;Information Processing and Management;2004;feature-construction;feature-construction;Republic of Korea, Republic of Korea, Republic of Korea
Lim2005;Chul Su Lim and Kong Joo Lee and Gil{-}Chang Kim;Multiple sets of features for automatic genre classification of web documents;Information Processing and Management;2005;learning-multiview;learning-multiview;Republic of Korea, Republic of Korea, Republic of Korea
Choi2014;Dongjin Choi and Byeong{-}Kyu Ko and Heesun Kim and Pankoo Kim;Text analysis for detecting terrorism-related articles on the web;Journal of Network and Computer Applications;2014;classification-system-and-application-areas;classification-system-and-application-areas;Republic of Korea, Republic of Korea, Republic of Korea, Republic of Korea
Fattah2015;Mohamed Abdel Fattah;New term weighting schemes with combination of multiple classifiers for sentiment analysis;Neurocomputing;2015;feature-weight;feature-weight;Saudi Arabia
Diab2017;Diab, Diab M and El Hindi, Khalil M;"Using differential evolution for fine tuning na{\""\i}ve Bayesian classifiers and its application for text classification";Applied Soft Computing;2017;classification-system-and-application-areas;classification-system-and-application-areas;Saudi Arabia, Saudi Arabia
Kan:2005:FWC:1099554.1099649;Kan, Min-Yen and Thi, Hoang Oanh Nguyen;Fast Webpage Classification Using URL Features;Proceedings of the 14th ACM International Conference on Information and Knowledge Management;2005;classification-system-and-application-areas;classification-system-and-application-areas;Singapore, Singapore
Chaturvedi2016;Iti Chaturvedi and Yew{-}Soon Ong and Ivor W. Tsang and Roy E. Welsch and Erik Cambria;Learning word dependencies in text by means of a deep recurrent belief network;Knowledge-Based Systems;2016;feature-construction;feature-construction;Singapore, Singapore, Australia, United States, Singapore
Nguyen2015;Nguyen, Hai-Long and Woon, Yew-Kwong and Ng, Wee-Keong;A survey on data stream clustering and classification;Knowledge and Information Systems;2015;classification-system-and-application-areas;classification-system-and-application-areas-text-data-streams;Singapore, Singapore, Singapore
Sajgalik2017;Sajgalik, Marius and Barla, Michal and Bielikova, Maria;Searching for discriminative words in multidimensional continuous feature space;Computer Speech \& Language;2017;feature-selection;feature-selection;Slovakia, Slovakia, Slovakia
Demsar2006;Janez Demsar;Statistical Comparisons of Classifiers over Multiple Data Sets;Journal of Machine Learning Research;2006;evaluation-methods;evaluation-methods;Slovenia
Pavlinek2017;Miha Pavlinek and Vili Podgorelec;Text classification method based on self-training and LDA;Expert Systems with Applications;2017;feature-construction;feature-construction;Slovenia, Slovenia
Santafe2015;Santafe, Guzman and Inza, I{\~{n}}aki and Lozano, Jose A.;Dealing with the evaluation of supervised classification algorithms;Artificial Intelligence Review;2015;evaluation-methods;evaluation-methods;Spain, Spain, Spain
Enriquez2016;Fernando Enr{\'{\i}}quez and Jos{\'{e}} A. Troyano and Tom{\'{a}}s L{\'{o}}pez{-}Solaz;An approach to the use of word embeddings in an opinion classification task;Expert Systems with Applications;2016;feature-construction;feature-construction;Spain, Spain, Spain
Garcia-Pablos2018;Garc{\'\i}a-Pablos, Aitor and Cuadros, Montse and Rigau, German;W2VLDA: Almost Unsupervised System for Aspect Based Sentiment Analysis;Expert Systems with Applications;2018;classification-system-and-application-areas;classification-system-and-application-areas-sentiment-analysis;Spain, Spain, Spain
Garcia2017;Garc{\'\i}a, Marcos Antonio Mouri{\~n}o and Rodr{\'\i}guez, Roberto P{\'e}rez and Rif{\'o}n, Luis Anido;Wikipedia-based cross-language text classification;Information Sciences;2017;classification-system-and-application-areas;classification-system-and-application-areas-cross-multi-lingual;Spain, Spain, Spain
Ibanez2014;Alfonso Ib{\'{a}}{\~{n}}ez and Concha Bielza and Pedro Larra{\~{n}}aga;Cost-sensitive selective naive Bayes classifiers for predicting the increase of the h-index for scientific journals;Neurocomputing;2014;;;Spain, Spain, Spain
Zelaia2011;Zelaia, Ana and Alegria, I{\~n}aki and Arregi, Olatz and Sierra, Basilio;A multiclass/multilabel document categorization system: Combining multiple classifiers in a reduced dimension;Applied Soft Computing;2011;learning-ensamble;learning-ensamble;Spain, Spain, Spain, Spain
GarcaAdeva20141498;J.J. García Adeva and J.M. Pikatza Atxa and M. Ubeda Carrillo and E. Ansuategi Zengotitabengoa;Automatic text classification to support systematic reviews in medicine;Expert Systems with Applications;2014;classification-system-and-application-areas;classification-system-and-application-areas;Spain, Spain, Spain, Spain
Araque2017;Araque, Oscar and Corcuera-Platas, Ignacio and S{\'a}nchez-Rada, J Fernando and Iglesias, Carlos A;Enhancing deep learning sentiment analysis with ensemble techniques in social applications;Expert Systems with Applications;2017;classification-system-and-application-areas;classification-system-and-application-areas-sentiment-analysis;Spain, Spain, Spain, Spain
Seijo-Pardo2017;Borja Seijo{-}Pardo and Iago Porto{-}D{\'{\i}}az and Ver{\'{o}}nica Bol{\'{o}}n{-}Canedo and Amparo Alonso{-}Betanzos;Ensemble feature selection: Homogeneous and heterogeneous approaches;Knowledge-Based Systems;2017;feature-selection;feature-selection;Spain, Spain, Spain, Spain
DBLP:journals/ir/GiachanouSP15;Anastasia Giachanou and Michail Salampasis and Georgios Paltoglou;Multilayer source selection as a tool for supporting patent search and classification;Information Retrieval Journal;2015;classification-system-and-application-areas;classification-system-and-application-areas;Switzerland, Greece, United Kingdom
Lin2009;Shui{-}Shun Lin;A document classification and retrieval system for R{\&}D in semiconductor industry - {A} hybrid approach;Expert Systems with Applications;2009;classification-system-and-application-areas;classification-system-and-application-areas;Taiwan
Wong20152839;Tzu-Tsung Wong;Performance evaluation of classification algorithms by k-fold and leave-one-out cross validation;Pattern Recognition;2015;evaluation-methods;evaluation-methods;Taiwan
Tsai2013;Chih{-}Fong Tsai and Che{-}Wei Chang;{SVOIS:} Support Vector Oriented Instance Selection for text classification;Information Sciences;2013;instance-selection;instance-selection;Taiwan, Taiwan
Trappey2006;Amy J. C. Trappey and Fu{-}Chiang Hsu and Charles V. Trappey and Chia{-}I Lin;Development of a patent document classification and search platform using a back-propagation network;Expert Systems with Applications;2006;classification-system-and-application-areas;classification-system-and-application-areas;Taiwan, Taiwan, Australia, Taiwan
Wei2011;Wei, Chih-Ping and Lin, Yen-Ting and Yang, Christopher C;Cross-lingual text categorization: Conquering language boundaries in globalized environments;Information Processing and Management;2011;classification-system-and-application-areas;classification-system-and-application-areas-cross-multi-lingual;Taiwan, Taiwan, United States
JMLR:v15:vandermaaten14a;Laurens van der Maaten;Accelerating t-SNE using Tree-Based Algorithms;Journal of Machine Learning Research;2014;feature-projection;feature-projection;The Netherlands
ictdbid:2777;Laurens van der Maaten and Geoffrey E. Hinton;Visualizing High-Dimensional Data Using t-SNE;Journal of Machine Learning Research;2008;feature-projection;feature-projection;The Netherlands, Canada
Vanderlooy2008;"Stijn Vanderlooy and Eyke H{\""{u}}llermeier";A critical analysis of variants of the AUC;Machine Learning;2008;evaluation-methods;evaluation-methods;The Netherlands, Germany
Knijff2013;Jeroen de Knijff and Flavius Frasincar and Frederik Hogenboom;Domain taxonomy learning from text: The subsumption method versus hierarchical clustering;Data \& Knowledge Engineering;2013;feature-construction;feature-construction;The Netherlands, The Netherlands, The Netherlands
Duin2010;Duin, Robert PW and Loog, Marco and P{\c e}kalska, El{\.z}bieta and Tax, David MJ;Feature-Based Dissimilarity Space Classification;Recognizing Patterns in Signals, Speech, Images and Videos;2010;feature-construction;feature-construction;The Netherlands, The Netherlands, United Kingdom, The Netherlands
Uysal2016;Uysal, Alper Kursat;An improved global feature selection scheme for text classification;Expert Systems with Applications;2016;feature-selection;feature-selection;Turkey
Uguz2011;Harun Uguz;A two-stage feature selection method for text categorization by using information gain, principal component analysis and genetic algorithm;Knowledge-Based Systems;2011;feature-projection;feature-projection;Turkey
Alpaydin2015;Alpayd{\i}n, Ethem and Cheplygina, Veronika and Loog, Marco and Tax, David MJ;Single-vs. multiple-instance classification;Pattern Recognition;2015;learning-multiple-instance;learning-multiple-instance;Turkey, The Netherlands, The Netherlands, The Netherlands
Altincay2014;Alt{\i}n{\c{c}}ay, Hakan and Erenel, Zafer;Ternary encoding based feature extraction for binary text classification;Applied Intelligence;2014;learning-classification-binaryclass;learning-classification-binaryclass;Turkey, Turkey
Catal2017135;Cagatay Catal and Mehmet Nangir;A sentiment classification model based on multiple classifiers;Applied Soft Computing;2017;classification-system-and-application-areas;classification-system-and-application-areas, learning-ensamble;Turkey, Turkey
Badawi2014;Dima Badawi and Hakan Altin{\c{c}}ay;A novel framework for termset selection and weighting in binary text classification;Engineering Applications of Artificial Intelligence;2014;feature-selection;feature-selection;Turkey, Turkey
Altinel2016;Alt{\i}nel, Berna and Ganiz, Murat Can;A new hybrid semi-supervised algorithm for text classification with class-based semantics;Knowledge-Based Systems;2016;learning-semi-suppervised;learning-semi-suppervised;Turkey, Turkey
Uysal2012;"Alper Kursat Uysal and Serkan G{\""{u}}nal";A novel probabilistic feature selection method for text classification;Knowledge-Based Systems;2012;feature-selection;feature-selection;Turkey, Turkey
7130164;B. Parlak and A. K. Uysal;Classification of medical documents according to diseases;Proceedings of the 23nd Signal Processing and Communications Applications Conference (SIU);2015;classification-system-and-application-areas;classification-system-and-application-areas;Turkey, Turkey
Altinel2015;Alt{\i}nel, Berna and Ganiz, Murat Can and Diri, Banu;A corpus-based semantic kernel for text classification by using meaning values of terms;Engineering Applications of Artificial Intelligence;2015;feature-construction;feature-construction;Turkey, Turkey, Turkey
Altinel2017;Alt{\i}nel, Berna and Ganiz, Murat Can and Diri, Banu;Instance labeling in semi-supervised learning with meaning values of words;Engineering Applications of Artificial Intelligence;2017;learning-semi-suppervised;learning-semi-suppervised;Turkey, Turkey, Turkey
Onan2016;Onan, Aytu{\u{g}} and Koruko{\u{g}}lu, Serdar and Bulut, Hasan;A multiobjective weighted voting ensemble classifier based on differential evolution algorithm for text sentiment classification;Expert Systems with Applications;2016;classification-system-and-application-areas;classification-system-and-application-areas-sentiment-analysis;Turkey, Turkey, Turkey
ONAN2016232;Aytug Onan and Serdar Korukoglu and Hasan Bulut;Ensemble of keyword extraction methods and classifiers in text classification;Expert Systems with Applications;2016;feature-construction;feature-construction;Turkey, Turkey, Turkey
Tutkan2016;Tutkan, Melike and Ganiz, Murat Can and Akyoku{\c{s}}, Selim;Helmholtz principle based supervised and unsupervised feature selection methods for text mining;Information Processing and Management;2016;feature-selection;feature-selection;Turkey, Turkey, Turkey
Li20071183;Yaoyong Li and John Shawe-Taylor;Advanced learning algorithms for cross-language patent retrieval and classification;Information Processing and Management;2007;classification-system-and-application-areas;classification-system-and-application-areas;United Kingdom, United Kingdom
Bandhakavi2017;Anil Bandhakavi and Nirmalie Wiratunga and Deepak Padmanabhan and Stewart Massie;Lexicon based feature extraction for emotion text classification;Pattern Recognition Letters;2017;feature-construction;feature-construction;United Kingdom, United Kingdom, United Kingdom, United Kingdom
DBLP:conf/trec/RobertsonWJHG94;Stephen E. Robertson and Steve Walker and Susan Jones and Micheline Hancock-Beaulieu and Gatford, M;Okapi at TREC-3;;1994;feature-weight;feature-weight;United Kingdom, United Kingdom, United Kingdom, United Kingdom, United Kingdom
Burges2010;Christopher J. C. Burges;Dimension Reduction: {A} Guided Tour;Foundations and Trends in Machine Learning;2010;feature-projection;feature-projection;United States
Ke2015;Weimao Ke;Information-theoretic term weighting schemes for document clustering and classification;International Journal on Digital Libraries;2015;feature-weight;feature-weight;United States
Wolpert92stackedgeneralization;David H. Wolpert;Stacked Generalization;Neural Networks;1992;learning-ensamble;learning-ensamble;United States
Mostafa2000415;J. Mostafa and W. Lam;Automatic classification using supervised learning in a medical document filtering application;Information Processing and Management;2000;classification-system-and-application-areas;classification-system-and-application-areas;United States, China
Wang2009;Pu Wang and Jian Hu and Hua{-}Jun Zeng and Zheng Chen;Using Wikipedia knowledge to improve text classification;Knowledge and Information Systems;2009;feature-construction;feature-construction;United States, China, China, China
Guyon:2003:IVF:944919.944968;Guyon, Isabelle and Elisseeff, Andr{\'e};An Introduction to Variable and Feature Selection;Journal of Machine Learning Research;2003;feature-selection;feature-selection;United States, Germany
Sun2016;Sun, Baochen and Feng, Jiashi and Saenko, Kate;Return of Frustratingly Easy Domain Adaptation.;Proceedings of the Thirtieth AAAI Conference on Artificial Intelligence;2016;learning-transfer;learning-transfer;United States, Singapore, United States
Cunningham2015;Cunningham, John P and Ghahramani, Zoubin;Linear dimensionality reduction: survey, insights, and generalizations.;Journal of Machine Learning Research;2015;feature-projection;feature-projection;United States, United Kingdom
Krawczyk2017;Krawczyk, Bartosz and Minku, Leandro L and Gama, Jo{\~a}o and Stefanowski, Jerzy and Wo{\'z}niak, Micha{\l};Ensemble learning for data stream analysis: a survey;Information Fusion;2017;learning-ensamble-data-stream;learning-ensamble-data-stream;United States, United Kingdom, Portugal, Poland, Poland
Qi:2009:WPC:1459352.1459357;Qi, Xiaoguang and Davison, Brian D.;Web Page Classification: Features and Algorithms;ACM Computing Surveys;2009;classification-system-and-application-areas;classification-system-and-application-areas;United States, United States
Forman2010;Forman, George and Scholz, Martin;Apples-to-apples in Cross-validation Studies: Pitfalls in Classifier Performance Measurement;ACM SIGKDD Explorations Newsletter;2010;evaluation-methods;evaluation-methods;United States, United States
Do2006;Do, Chuong B and Ng, Andrew Y;Transfer learning for text classification;Advances in Neural Information Processing Systems;2006;learning-transfer;learning-transfer;United States, United States
Kontostathis2006;April Kontostathis and William M. Pottenger;A framework for understanding Latent Semantic Indexing (LSI);Information Processing and Management;2006;feature-projection;feature-projection;United States, United States
Ruiz2002;Ruiz, Miguel E and Srinivasan, Padmini;Hierarchical text categorization using neural networks;Information Retrieval Journal;2002;learning-classification-hierarhical;learning-classification-hierarhical;United States, United States
Aggarwal2012;Aggarwal, Charu C and Zhai, Cheng Xiang;A survey of text classification algorithms;Mining text data;2012;review-survey-overview-works;review-survey-overview-works;United States, United States
Blum1998;Blum, Avrim and Mitchell, Tom;Proceedings of the eleventh annual conference on Computational learning theory;Proceedings of the eleventh annual conference on Computational learning theory;1998;learning-semi-suppervised;learning-semi-suppervised;United States, United States
Mihalcea2011;Mihalcea, Rada and Radev, Dragomir;Graph-based natural language processing and information retrieval;;2011;document-representation;document-representation;United States, United States
7393866;B. Tang and H. He and P. M. Baggenstoss and S. Kay;A Bayesian Classification Approach Using Class-Specific Features for Text Categorization;IEEE Transactions on Knowledge and Data Engineering;2016;feature-selection;feature-selection;United States, United States, Germany, United States
Zhou2010;Yang Zhou and Rong Jin and Steven C. H. Hoi;Exclusive Lasso for Multi-task Feature Selection;Proceedings of the Thirteenth International Conference on Artificial Intelligence and Statistics, AISTATS;2010;feature-selection;feature-selection;United States, United States, Singapore
Schenker2005a;Schenker, A and Bunke, H and Last, M and Kandel, A;Graph-Theoretic Techniques for Web Content Mining. Series in Machine Perception and Artificial Intelligence, vol. 62;;2005;document-representation;document-representation;United States, United States, Switzerland, Israel
Abbasi2008;Abbasi, Ahmed and Chen, Hsinchun and Salem, Arab;Sentiment analysis in multiple languages: Feature selection for opinion classification in web forums;ACM Transactions on Information Systems;2008;classification-system-and-application-areas;classification-system-and-application-areas;United States, United States, United States
Tang2016;Bo Tang and Steven Kay and Haibo He;Toward Optimal Feature Selection in Naive Bayes for Text Categorization;IEEE Transactions on Knowledge and Data Engineering;2016;feature-selection;feature-selection;United States, United States, United States
Weiss2016;Weiss, Karl and Khoshgoftaar, Taghi M and Wang, DingDing;A survey of transfer learning;Journal of Big Data;2016;learning-transfer;learning-transfer;United States, United States, United States
Bui2016;Bui, Duy Duc An and Del Fiol, Guilherme and Jonnalagadda, Siddhartha;PDF text classification to leverage information extraction from publication reports;Journal of biomedical informatics;2016;classification-system-and-application-areas;classification-system-and-application-areas;United States, United States, United States
Kim2005;Kim, Hyunsoo and Howland, Peg and Park, Haesun;Dimension reduction in text classification with support vector machines;Journal of Machine Learning Research;2005;feature-projection;feature-projection;United States, United States, United States
Dasigi2001;Venu Dasigi and Reinhold C. Mann and Vladimir A. Protopopescu;Information fusion for text classification - an experimental comparison;Pattern Recognition;2001;learning-multiview;learning-multiview;United States, United States, United States
Mikolov2013;Mikolov, Tomas and Yih, Wen-tau and Zweig, Geoffrey;Linguistic regularities in continuous space word representations.;Proceedings of the 2013 Conference of the North American Chapter of the Association for Computational Linguistics: Human Language Technologies (NAACL-HLT-2013);2013;feature-construction;feature-construction;United States, United States, United States
Pennington2014;Pennington, Jeffrey and Socher, Richard and Manning, Christopher;Glove: Global vectors for word representation;Proceedings of the 2014 conference on empirical methods in natural language processing (EMNLP);2014;feature-construction;feature-construction;United States, United States, United States
Gollapalli:2015:IRH:2830542.2767135;Gollapalli, Sujatha Das and Caragea, Cornelia and Mitra, Prasenjit and Giles, C. Lee;Improving Researcher Homepage Classification with Unlabeled Data;ACM Transactions on the Web;2015;classification-system-and-application-areas;classification-system-and-application-areas;United States, United States, United States, United States
Gollapalli:2011:IAH:1998076.1998099;Gollapalli, Sujatha Das and Giles, C. Lee and Mitra, Prasenjit and Caragea, Cornelia;On Identifying Academic Homepages for Digital Libraries;Proceedings of the 11th Annual International ACM/IEEE Joint Conference on Digital Libraries;2011;classification-system-and-application-areas;classification-system-and-application-areas;United States, United States, United States, United States
Gollapalli:2013:RHC:2488388.2488430;Gollapalli, Sujatha Das and Caragea, Cornelia and Mitra, Prasenjit and Giles, C. Lee;Researcher Homepage Classification Using Unlabeled Data;Proceedings of the 22Nd International Conference on World Wide Web;2013;classification-system-and-application-areas;classification-system-and-application-areas;United States, United States, United States, United States
VanLinh2017;Van Linh, Ngo and Anh, Nguyen Kim and Than, Khoat and Dang, Chien Nguyen;An effective and interpretable method for document classification;Knowledge and Information Systems;2017;classification-system-and-application-areas;classification-system-and-application-areas;Vietnam, Vietnam, Vietnam, Vietnam
ba28090bc0e64ddaacc012717148d888;Tony Bellotti and Ilia Nouretdinov and Meng Yang and Alex Gammerman;Feature Selection;Conformal Prediction for Reliable Machine Learning;2014;feature-selection;feature-selection;
ref1;Sammut, Claude and Webb, Geoffrey I.;Encyclopedia of Machine Learning;Encyclopedia of Machine Learning;2010;evaluation-methods;evaluation-methods;
ref1roc;Sammut, Claude and Webb, Geoffrey I.;Encyclopedia of Machine Learning;Encyclopedia of Machine Learning;2010;evaluation-methods;evaluation-methods;
Flach2010;Flach, Peter A.;Encyclopedia of Machine Learning;Encyclopedia of Machine Learning;2010;evaluation-methods;evaluation-methods;
Vlachos2010;Vlachos, Michail;Encyclopedia of Machine Learning;Encyclopedia of Machine Learning;2010;feature-projection;feature-projection, feature-selection;
Cohn2010;Cohn, David;Encyclopedia of Machine Learning;Encyclopedia of Machine Learning;2010;learning-active;learning-active;
Sammut2010;Sammut, Claude and Webb, Geoffrey I.;Encyclopedia of Machine Learning;Encyclopedia of Machine Learning;2010;learning-ensamble;learning-ensamble;
Muslea2010;Muslea, Ion;Encyclopedia of Machine Learning;Encyclopedia of Machine Learning;2010;learning-semi-suppervised;learning-semi-suppervised;
Zhu2010;Zhu, Xiaojin;Encyclopedia of Machine Learning;Encyclopedia of Machine Learning;2010;learning-semi-suppervised;learning-semi-suppervised;
Vilalta2010;Vilalta, Ricardo and Giraud-Carrier, Christophe and Brazdil, Pavel and Soares, Carlos;Encyclopedia of Machine Learning;Encyclopedia of Machine Learning;2010;learning-transfer;learning-transfer;
Ray2010;Ray, Soumya and Scott, Stephen and Blockeel, Hendrik;Multi-Instance Learning;Encyclopedia of Machine Learning;2010;learning-multiple-instance;learning-multiple-instance;
MLSL2010;Sammut, Claude and Webb, Geoffrey I.;Encyclopedia of Machine Learning and Data Mining;Encyclopedia of Machine Learning and Data Mining;2017;;;
Sammon:1969:NMD:1310162.1310727;Sammon, J. W.;A Nonlinear Mapping for Data Structure Analysis;IEEE Transactions on Computers;1969;feature-projection;feature-projection;
Witten2016;Witten, Ian H and Frank, Eibe and Hall, Mark A and Pal, Christopher J;Data Mining: Practical machine learning tools and techniques;;2016;;;
Brown2010;Brown, Gavin;Encyclopedia of Machine Learning;;2010;learning-ensamble;learning-ensamble;
Manning:2008:IIR:1394399;"Manning, Christopher D. and Raghavan, Prabhakar and Sch\""{u}tze, Hinrich";Introduction to Information Retrieval;;2008;feature-weight;feature-weight, document-representation, feature-selection, evaluation-methods;
DBLP:books/sp/HerreraVBCZSV16;Francisco Herrera and Sebasti{\'{a}}n Ventura and Rafael Bello and Chris Cornelis and Amelia Zafra and D{\'{a}}nel S{\'{a}}nchez Tarrag{\'{o}} and Sarah Vluymans;Multiple Instance Learning - Foundations and Algorithms;;2016;learning-multiple-instance;learning-multiple-instance;
nla.cat-vn2329663;Mardia, K. V. and Kent, J. T. and Bibby, J. M.;Multivariate analysis;;1979;feature-projection;feature-projection;
books/daglib/0082602;Schürmann, Jürgen;Pattern classification - a unified view of statistical and neural approaches.;;1996;feature-selection;feature-selection;
Ripley:1995:PRN:546466;Ripley, Brian D. and Hjort, N. L.;Pattern Recognition and Neural Networks;;1995;feature-projection;feature-projection;
Hand2001;Hand, David J and Mannila, Heikki and Smyth, Padhraic;Principles of data mining;;2001;document-representation;document-representation;
Aas1999;Aas, Kjersti and Eikvil, Line;Text categorisation: A survey;;1999;review-survey-overview-works;review-survey-overview-works;
Liu:2006:WDM:1215470;Liu, Bing;Web Data Mining: Exploring Hyperlinks, Contents, and Usage Data (Data-Centric Systems and Applications);;2006;;;
Aggarwal2015;Aggarwal, Charu C;Data mining: the textbook;;2015;;;
